	EffectiveMass	Error	RegUp	RegLow
0	0.28969604492187573	0.0053267005109472665	23	16
