	EffectiveMass	Error	RegUp	RegLow
0	0.3164392089843757	0.0037851833493419587	23	16
