	EffectiveMass	Error	RegUp	RegLow
0	0.3073040771484382	0.006791161606224229	23	16
