	EffectiveMass	Error	RegUp	RegLow
0	0.2998211669921883	0.0039762005799883465	23	16
