	EffectiveMass	Error	RegUp	RegLow
0	-0.45148071289062397	0.005821430620981651	25	18
