	EffectiveMass	Error	RegUp	RegLow
0	-0.465849609374999	0.0059065006267652225	25	18
