	EffectiveMass	Error	RegUp	RegLow
0	-0.1251452636718746	0.002208897628274302	26	19
