	EffectiveMass	Error	RegUp	RegLow
0	0.10359436035156251	0.0017511783572122202	25	18
