	EffectiveMass	Error	RegUp	RegLow
0	1.1360351562500037	0.0029243216553967743	13	8
