	EffectiveMass	Error	RegUp	RegLow
0	1.1957702636718792	0.004434379187821676	13	8
