	EffectiveMass	Error	RegUp	RegLow
0	1.0763055419921912	0.0019821340167868124	13	8
