	EffectiveMass	Error	RegUp	RegLow
0	1.1676696777343787	0.0037592138519859323	13	8
