	EffectiveMass	Error	RegUp	RegLow
0	1.0454577636718785	0.0017091031750406398	13	8
