	EffectiveMass	Error	RegUp	RegLow
0	1.1064392089843789	0.0023738189780306814	13	8
