	EffectiveMass	Error	RegUp	RegLow
0	0.2895257568359382	0.004623697306603018	23	16
