	EffectiveMass	Error	RegUp	RegLow
0	0.8641546630859405	0.021060480669416185	22	20
