	EffectiveMass	Error	RegUp	RegLow
0	0.29587768554687566	0.0056462025237688784	23	16
