	EffectiveMass	Error	RegUp	RegLow
0	0.9562542724609406	499152.55642325646	22	20
