	EffectiveMass	Error	RegUp	RegLow
0	0.32985168457031333	0.011743055700788636	23	16
