	EffectiveMass	Error	RegUp	RegLow
0	0.28328796386718824	0.011627400867182799	23	16
