	EffectiveMass	Error	RegUp	RegLow
0	0.8347534179687526	0.01169368411780684	22	20
