	EffectiveMass	Error	RegUp	RegLow
0	0.010617065429687673	14.575699796488191	23	16
