	EffectiveMass	Error	RegUp	RegLow
0	0.010617065429687673	0.00013304570971398556	23	16
