	EffectiveMass	Error	RegUp	RegLow
0	-0.0029681396484373002	0.0019018251772196866	23	16
