	EffectiveMass	Error	RegUp	RegLow
0	0.2648266601562506	0.00791994700367843	23	16
