	EffectiveMass	Error	RegUp	RegLow
0	0.2661914062500006	0.003073582693127671	23	16
