	EffectiveMass	Error	RegUp	RegLow
0	0.3216717529296883	0.010669358424634335	23	16
