	EffectiveMass	Error	RegUp	RegLow
0	0.006337890625000182	0.0006240733226857791	23	16
