	EffectiveMass	Error	RegUp	RegLow
0	0.26864135742187556	0.005205328628608376	23	16
