	EffectiveMass	Error	RegUp	RegLow
0	-0.36840026855468666	0.010579325394086616	22	18
