	EffectiveMass	Error	RegUp	RegLow
0	-0.4127703857421866	0.020954697291826637	25	18
