	EffectiveMass	Error	RegUp	RegLow
0	-0.43847351074218655	0.019618574087196018	22	18
