	EffectiveMass	Error	RegUp	RegLow
0	-0.38144226074218657	0.004234199853620539	22	18
