	EffectiveMass	Error	RegUp	RegLow
0	-0.4121710205078115	0.013955893230883667	25	18
