	EffectiveMass	Error	RegUp	RegLow
0	-0.399534912109374	0.013341888222339289	22	18
