	EffectiveMass	Error	RegUp	RegLow
0	-0.4615063476562489	0.038885938311938505	22	18
