	EffectiveMass	Error	RegUp	RegLow
0	-0.3725463867187491	0.011199807079951943	25	18
