	EffectiveMass	Error	RegUp	RegLow
0	-0.33750488281249924	0.008498398887331154	25	18
