	EffectiveMass	Error	RegUp	RegLow
0	-0.3534686279296867	0.0037540912140566337	25	18
