	EffectiveMass	Error	RegUp	RegLow
0	-0.14405639648437454	0.001939175913405676	22	18
