	EffectiveMass	Error	RegUp	RegLow
0	-0.14527465820312452	0.0034904114167629958	22	18
