	EffectiveMass	Error	RegUp	RegLow
0	-0.12408935546874958	0.0016600934633256793	26	19
