	EffectiveMass	Error	RegUp	RegLow
0	-0.16271301269531196	0.005042566700569642	22	18
