	EffectiveMass	Error	RegUp	RegLow
0	-0.14372619628906202	0.0042672089671341494	22	18
