	EffectiveMass	Error	RegUp	RegLow
0	-0.16208801269531198	0.012192349537104595	22	18
