	EffectiveMass	Error	RegUp	RegLow
0	-0.12645812988281208	0.002993897635424946	26	19
