	EffectiveMass	Error	RegUp	RegLow
0	0.15583007812500016	394.17272564317034	22	18
