	EffectiveMass	Error	RegUp	RegLow
0	0.14262207031250013	360.76286693922714	22	18
