	EffectiveMass	Error	RegUp	RegLow
0	0.1335620117187501	337.8439506344222	22	18
