	EffectiveMass	Error	RegUp	RegLow
0	0.12657043457031258	320.15964620521913	22	18
