	EffectiveMass	Error	RegUp	RegLow
0	0.12657043457031258	0.0034567243802148284	22	18
