	EffectiveMass	Error	RegUp	RegLow
0	0.14262207031250013	0.009891559440245978	22	18
