	EffectiveMass	Error	RegUp	RegLow
0	0.14092285156250012	356.4633694157106	22	18
