	EffectiveMass	Error	RegUp	RegLow
0	0.15583007812500016	0.014329714177222386	22	18
