	EffectiveMass	Error	RegUp	RegLow
0	0.14092285156250012	0.00609405442224454	22	18
