	EffectiveMass	Error	RegUp	RegLow
0	0.1335620117187501	0.004349166645676827	22	18
