	EffectiveMass	Error	RegUp	RegLow
0	0.30120788574218826	0.010114104368141188	23	16
