	EffectiveMass	Error	RegUp	RegLow
0	0.11792541503906255	0.0016690966880256177	23	16
