	EffectiveMass	Error	RegUp	RegLow
0	0.7468505859375022	0.019670343364280855	23	16
