	EffectiveMass	Error	RegUp	RegLow
0	0.8285565185546903	0.010781875793969744	23	16
