	EffectiveMass	Error	RegUp	RegLow
0	0.31663757324218833	0.005269061551181833	23	16
