	EffectiveMass	Error	RegUp	RegLow
0	0.30790100097656325	0.005825200184377192	23	16
