	EffectiveMass	Error	RegUp	RegLow
0	0.3058898925781257	0.019952970555802207	23	16
