	EffectiveMass	Error	RegUp	RegLow
0	0.3242199707031259	0.00629849300395457	23	16
