	EffectiveMass	Error	RegUp	RegLow
0	0.7810095214843775	0.012376895405994357	23	16
