	EffectiveMass	Error	RegUp	RegLow
0	0.2998101806640633	0.004205412767346014	23	16
