	EffectiveMass	Error	RegUp	RegLow
0	0.12524047851562511	0.0015405874096248104	23	16
