	EffectiveMass	Error	RegUp	RegLow
0	0.7941461181640651	0.01911675703014825	23	16
