	EffectiveMass	Error	RegUp	RegLow
0	0.3168457031250008	0.005431904231453585	23	16
