	EffectiveMass	Error	RegUp	RegLow
0	0.30579101562500066	0.014536710368011095	23	16
