	EffectiveMass	Error	RegUp	RegLow
0	0.2981066894531258	0.005438597164325415	23	16
