	EffectiveMass	Error	RegUp	RegLow
0	0.8030334472656275	0.021790143076855274	23	16
