	EffectiveMass	Error	RegUp	RegLow
0	0.29956970214843825	0.00828722221045761	23	16
