	EffectiveMass	Error	RegUp	RegLow
0	0.28058227539062575	0.01219081595686862	23	16
