	EffectiveMass	Error	RegUp	RegLow
0	0.81923767089844	0.0107101062617117	23	16
