	EffectiveMass	Error	RegUp	RegLow
0	0.30561706542968825	0.006932926011041663	23	16
