	EffectiveMass	Error	RegUp	RegLow
0	0.11340759277343755	0.002005818755165053	23	16
