	EffectiveMass	Error	RegUp	RegLow
0	0.3130859375000008	0.009294001941728315	23	16
