	EffectiveMass	Error	RegUp	RegLow
0	0.12120117187500008	0.002326724995676133	23	16
