	EffectiveMass	Error	RegUp	RegLow
0	0.11742858886718756	0.0017941950640169614	23	16
