	EffectiveMass	Error	RegUp	RegLow
0	0.2886413574218757	0.009518656578372482	23	16
