	EffectiveMass	Error	RegUp	RegLow
0	0.30995605468750076	0.005318042003654314	23	16
