	EffectiveMass	Error	RegUp	RegLow
0	0.09952514648437502	0.004584821337711387	23	16
