	EffectiveMass	Error	RegUp	RegLow
0	0.7778027343750025	0.014940478143889529	23	16
