	EffectiveMass	Error	RegUp	RegLow
0	0.29385681152343823	0.011005088173190557	23	16
