	EffectiveMass	Error	RegUp	RegLow
0	-1.1379345703124977	0.03424233191955726	25	18
