	EffectiveMass	Error	RegUp	RegLow
0	-0.6569866943359359	0.019770848356438872	25	18
