	EffectiveMass	Error	RegUp	RegLow
0	-0.6849072265624984	0.010233429429905724	25	18
