	EffectiveMass	Error	RegUp	RegLow
0	-0.7087622070312485	0.009895232530420218	25	18
