	EffectiveMass	Error	RegUp	RegLow
0	-1.1078491210937478	0.024652901491416572	25	18
