	EffectiveMass	Error	RegUp	RegLow
0	-0.4591717529296865	0.0057527241704552964	25	18
