	EffectiveMass	Error	RegUp	RegLow
0	-0.4274896240234364	0.009569125614957428	25	18
