	EffectiveMass	Error	RegUp	RegLow
0	-1.2276123046874972	0.017138519901419576	25	18
