	EffectiveMass	Error	RegUp	RegLow
0	-1.208566894531247	0.01838319802595252	25	18
