	EffectiveMass	Error	RegUp	RegLow
0	-0.46323852539062405	0.0065016849931090175	25	18
