	EffectiveMass	Error	RegUp	RegLow
0	-0.4053961181640615	0.019246516973037017	25	18
