	EffectiveMass	Error	RegUp	RegLow
0	-0.6977661132812485	0.010615071778984448	25	18
