	EffectiveMass	Error	RegUp	RegLow
0	-0.4410821533203114	0.013585836842906353	25	18
