	EffectiveMass	Error	RegUp	RegLow
0	-0.4450659179687489	0.010169348354778838	25	18
