	EffectiveMass	Error	RegUp	RegLow
0	-1.1862939453124977	0.017724675246621767	25	18
