	EffectiveMass	Error	RegUp	RegLow
0	-0.43830688476562396	0.011746995107780663	25	18
