	EffectiveMass	Error	RegUp	RegLow
0	-0.458009033203124	0.007505277707962316	25	18
