	EffectiveMass	Error	RegUp	RegLow
0	-0.6396166992187486	0.014233957487812143	25	18
