	EffectiveMass	Error	RegUp	RegLow
0	-0.142341918945312	0.0017166556854391818	26	19
