	EffectiveMass	Error	RegUp	RegLow
0	-0.13215759277343708	0.0018289481048312972	26	19
