	EffectiveMass	Error	RegUp	RegLow
0	-0.20648925781249944	0.0061404015451344334	26	19
