	EffectiveMass	Error	RegUp	RegLow
0	-0.18583557128906192	0.006629144605131225	26	19
