	EffectiveMass	Error	RegUp	RegLow
0	-0.19839782714843696	0.005692178854591315	26	19
