	EffectiveMass	Error	RegUp	RegLow
0	-0.32187744140624913	0.011484846082632024	26	19
