	EffectiveMass	Error	RegUp	RegLow
0	-0.40252380371093655	2.7820146391267153	26	19
