	EffectiveMass	Error	RegUp	RegLow
0	-0.3681414794921867	2.5969889763133116	26	19
