	EffectiveMass	Error	RegUp	RegLow
0	-0.3825408935546867	0.012028695000225739	26	19
