	EffectiveMass	Error	RegUp	RegLow
0	-0.3436358642578117	0.009858416602103319	26	19
