	EffectiveMass	Error	RegUp	RegLow
0	-0.38539916992187406	2.6484534803170545	26	19
