	EffectiveMass	Error	RegUp	RegLow
0	-0.12714721679687457	0.004202646569525487	26	19
