	EffectiveMass	Error	RegUp	RegLow
0	-0.19706604003906197	0.006727989141909981	26	19
