	EffectiveMass	Error	RegUp	RegLow
0	-0.3465606689453117	2.436273319348665	26	19
