	EffectiveMass	Error	RegUp	RegLow
0	-0.13119873046874958	0.0019957181072026552	26	19
