	EffectiveMass	Error	RegUp	RegLow
0	-0.34132812499999915	0.01165419182092133	26	19
