	EffectiveMass	Error	RegUp	RegLow
0	-0.21549865722656192	0.005410894895306057	26	19
