	EffectiveMass	Error	RegUp	RegLow
0	-0.14087158203124955	0.0024450128460896206	26	19
