	EffectiveMass	Error	RegUp	RegLow
0	-0.3732550048828116	0.009372208434519245	26	19
