	EffectiveMass	Error	RegUp	RegLow
0	-0.3576501464843741	0.010637015660658796	26	19
