	EffectiveMass	Error	RegUp	RegLow
0	-0.43001159667968647	5.7126078603427315	26	19
