	EffectiveMass	Error	RegUp	RegLow
0	-0.13689941406249956	0.0026351162546076226	26	19
