	EffectiveMass	Error	RegUp	RegLow
0	-0.42442504882812393	2.9416260101918064	26	19
