	EffectiveMass	Error	RegUp	RegLow
0	-0.13080017089843704	0.004515981518224248	26	19
