	EffectiveMass	Error	RegUp	RegLow
0	-0.06772460937499966	0.0016121721299454986	26	19
