	EffectiveMass	Error	RegUp	RegLow
0	-0.12714111328124955	0.00586606785065457	26	19
