	EffectiveMass	Error	RegUp	RegLow
0	0.09193603515625004	0.0028204901729288936	25	18
