	EffectiveMass	Error	RegUp	RegLow
0	-0.0001049804687498055	0.0012113321125989832	25	18
