	EffectiveMass	Error	RegUp	RegLow
0	0.09843872070312501	0.0022020939011495504	25	18
