	EffectiveMass	Error	RegUp	RegLow
0	0.1011114501953125	0.0019407292847015043	25	18
