	EffectiveMass	Error	RegUp	RegLow
0	0.1032342529296875	0.0020429333732622577	25	18
