	EffectiveMass	Error	RegUp	RegLow
0	0.24137573242187552	0.007435394379925809	25	18
