	EffectiveMass	Error	RegUp	RegLow
0	0.09677001953125	0.0025940767769486203	25	18
