	EffectiveMass	Error	RegUp	RegLow
0	0.09553833007812501	0.002939093732020205	25	18
