	EffectiveMass	Error	RegUp	RegLow
0	0.13380798339843764	0.005583104212930658	25	18
