	EffectiveMass	Error	RegUp	RegLow
0	0.25773132324218806	0.005791040443105171	25	18
