	EffectiveMass	Error	RegUp	RegLow
0	0.08895690917968753	0.0038307595281334293	25	18
