	EffectiveMass	Error	RegUp	RegLow
0	0.0930120849609375	0.004417170408153243	25	18
