	EffectiveMass	Error	RegUp	RegLow
0	0.2542181396484381	0.006889201392850977	25	18
