	EffectiveMass	Error	RegUp	RegLow
0	0.264437866210938	0.005106355931640853	25	18
