	EffectiveMass	Error	RegUp	RegLow
0	0.270648803710938	0.004614120677628701	25	18
