	EffectiveMass	Error	RegUp	RegLow
0	0.19107666015625036	0.00587846853663442	25	18
