	EffectiveMass	Error	RegUp	RegLow
0	9.277343750019411e-05	0.0018014914537928062	25	18
