	EffectiveMass	Error	RegUp	RegLow
0	0.11621154785156255	0.002244469266994032	16	13
