	EffectiveMass	Error	RegUp	RegLow
0	0.11529113769531253	0.004532369226548114	16	13
