	EffectiveMass	Error	RegUp	RegLow
0	0.11472961425781254	0.001702204522952093	16	13
