	EffectiveMass	Error	RegUp	RegLow
0	0.1298443603515626	0.009895445141460978	16	13
