	EffectiveMass	Error	RegUp	RegLow
0	0.11621398925781255	0.003339014035879907	16	13
