	EffectiveMass	Error	RegUp	RegLow
0	0.1355615234375001	0.00929813704636743	16	13
