	EffectiveMass	Error	RegUp	RegLow
0	0.11621154785156255	16126124.71063565	16	13
