	EffectiveMass	Error	RegUp	RegLow
0	-0.16745849609374946	23228571.88229378	16	13
