	EffectiveMass	Error	RegUp	RegLow
0	-0.19868225097656195	0.008086370527502709	16	13
