	EffectiveMass	Error	RegUp	RegLow
0	-0.16616333007812448	0.001527139169293017	16	13
