	EffectiveMass	Error	RegUp	RegLow
0	-0.1853436279296869	25700020.605363708	16	13
