	EffectiveMass	Error	RegUp	RegLow
0	-0.16745849609374946	0.0016613986189793128	16	13
