	EffectiveMass	Error	RegUp	RegLow
0	-0.19868225097656195	27541155.212872796	16	13
