	EffectiveMass	Error	RegUp	RegLow
0	-0.16616333007812448	23048615.36572297	16	13
