	EffectiveMass	Error	RegUp	RegLow
0	-0.17123840332031198	23759959.158804234	16	13
