	EffectiveMass	Error	RegUp	RegLow
0	-0.17123840332031198	0.002975140669922827	16	13
