	EffectiveMass	Error	RegUp	RegLow
0	-0.1853436279296869	0.004754829554344503	16	13
