	EffectiveMass	Error	RegUp	RegLow
0	-0.07662048339843715	0.0027466565168474517	17	15
