	EffectiveMass	Error	RegUp	RegLow
0	-0.07815490722656215	0.005050792325903927	17	15
