	EffectiveMass	Error	RegUp	RegLow
0	-0.08307617187499966	0.004228335386881092	17	15
