	EffectiveMass	Error	RegUp	RegLow
0	-0.07705871582031217	0.0015498315566477992	17	15
