	EffectiveMass	Error	RegUp	RegLow
0	-0.07910461425781214	0.0014738284585946722	17	15
