	EffectiveMass	Error	RegUp	RegLow
0	0.09061950683593752	0.0038503124187681836	16	13
