	EffectiveMass	Error	RegUp	RegLow
0	0.07819274902343755	0.008050514069632014	16	13
