	EffectiveMass	Error	RegUp	RegLow
0	0.09230407714843754	0.0019501518759533838	16	13
