	EffectiveMass	Error	RegUp	RegLow
0	0.09198669433593752	0.002543044292157679	16	13
