	EffectiveMass	Error	RegUp	RegLow
0	0.09083007812500003	0.007041109154394477	16	13
